caseid,age4,duration
832,4,4213
834,3,0
836,1,5220
837,3,0
51,4,16
840,2,4
843,4,0
846,2,0
52,3,8
852,2,17
854,4,8
855,3,12
857,3,7
871,4,19
873,3,0
874,1,4
880,3,0
882,1,20
883,3,0
55,3,16
891,3,13
892,3,29
894,2,11
896,4,1
899,2,6
902,4,1
903,1,5
910,2,6
911,4,67
916,2,1
917,3,0
920,2,13
930,2,8
59,1,8
937,2,0
938,2,1
940,3,6
941,2,60
943,1,1
944,1,8
946,2,0
954,4,10
959,2,0
960,3,5060
963,1,15568
966,2,9
967,4,19
968,4,2191
971,2,12
973,3,5
975,3,1
978,3,14
988,1,1
995,4,2
996,3,9194
62,2,13315
1009,4,0
1012,3,0
1014,2,1
1021,4,2775
1022,2,9
1032,2,0
1036,4,9515
1038,4,5
1039,1,3
1040,4,1
1043,2,12937
1044,2,14
1047,1,0
1049,1,11
1057,2,5
1059,2,7
1060,4,5
1061,4,4
1065,2,0
1066,3,1
1069,4,1
66,4,13
1075,4,5112
1077,4,21346
67,2,15
1086,4,19
1091,2,4
1094,2,10
1095,4,8
1098,1,2214
1101,4,5748
1104,3,6
1105,2,14
1107,1,9
69,4,6
1112,1,2765
1118,2,1
1119,1,25193
1120,2,1
70,2,7
1129,2,7
1131,2,3438
1134,3,1
1138,1,8
72,2,0
1140,2,2186
1144,3,6
1151,4,1
1152,3,2333
1153,4,9
1155,3,19
1158,4,1
1159,4,0
1160,2,0
1161,2,7
1162,2,1
1166,1,6
1169,2,5
1176,3,2
1177,1,10
1178,2,7
1180,2,5366
1181,2,6
1186,1,9
1187,4,1
1188,2,16
1190,3,11
1191,2,12
1192,4,4
1193,4,0
77,3,1333
1195,2,13
1196,1,0
1197,2,42
1199,3,0
1200,3,557
1201,2,9
1202,4,16
1206,4,10
1207,4,3961
1208,2,3
1209,2,0
79,1,1796
1214,3,8328
1215,4,9
1221,3,1
1222,1,7
1223,2,6
1226,3,4
1230,4,1
1233,2,0
1234,4,0
1240,1,10
1241,4,5
1242,3,8
1243,4,1
1244,3,2436
1246,1,11
1251,2,3471
1252,4,3
1254,2,5
1255,2,6481
1261,2,0
1263,3,2
1266,3,0
1267,2,6
82,3,42
1270,1,12
1272,2,5
1274,3,0
1279,4,9790
1282,2,2595
1286,2,12
1287,1,163
1288,3,13
1295,2,29
1297,1,34
1299,1,5
1301,4,5
1306,3,996
1307,1,10166
1308,3,7
1310,1,7
1313,3,10
1314,2,1
86,3,4
1315,4,26836
1316,2,0
1321,2,29
1322,4,8
1324,4,16
1325,2,1
1329,2,3847
1330,2,4057
1336,2,9
88,1,0
1349,3,7
1351,2,30
1357,3,1
1358,1,5
90,3,5
1362,2,12
1363,3,37
91,3,9
1372,4,12
1373,3,6644
1376,3,6
1381,2,1
1385,3,3962
1387,4,986
1389,3,1
1394,4,0
1395,2,9
1397,4,0
1400,1,14
1401,4,7
1403,1,10
1404,3,12
1405,3,10
1408,2,28
1410,3,9
1416,4,0
1417,4,3933
1419,3,849
1422,4,0
1427,4,2314
1430,4,27
1433,1,13
1436,2,17
1438,4,0
1442,4,1
1443,1,1
1445,2,2
95,1,7
1447,2,5
1448,4,16
1450,2,18
1451,3,2
1452,3,10
1453,2,0
1454,2,3
1460,1,11
1467,3,37
1475,4,15
1477,1,7
1478,4,13
1479,3,5
1484,3,12
1485,2,1
1486,3,3572
1489,4,6
1490,1,885
1492,1,1
1499,2,37
1501,2,0
1502,4,24
1505,1,5
1507,4,0
1509,3,6
1510,4,1
1512,2,4
1513,3,8
1516,3,4
1517,2,5
1518,1,8428
1520,3,15
100,4,0
1522,4,31419
1524,2,0
1527,4,0
101,3,9
1532,1,0
1533,2,5
1534,2,1
102,4,0
1540,2,12
1543,1,22
1545,1,0
1546,1,15
103,2,0
1552,3,8
1562,3,10
105,2,8
1569,3,17
1571,1,4
1573,1,0
1577,2,0
1578,2,0
1580,4,8
1587,3,13
1588,4,5
1589,4,26985
1593,2,2154
1595,3,26
1601,4,22939
1607,4,12
1612,3,1
1614,4,26
1616,4,26798
1619,4,9
1620,4,10
1623,2,1
1625,4,6
1627,2,4
109,1,6
1639,2,3
1640,2,0
110,1,18
1641,4,3
1643,4,21
1646,4,15
1647,3,4101
1655,4,249
111,1,11443
1662,3,9
1664,3,6
1665,2,1
1666,3,4
1670,2,11
1671,4,22
1675,1,5
1678,3,7
1682,4,9
1683,4,12
1684,2,1
1686,3,8
1691,4,6
1696,2,1
1697,1,9
1698,3,10
1699,1,4279
1701,3,16
1702,3,16
1705,3,19234
1706,2,0
1708,4,2950
1713,3,15390
1715,1,2
1720,4,2229
1723,2,3940
1725,1,1322
1730,4,9
1731,2,8879
1737,2,4
1738,1,32844
1739,4,9
1750,4,8
1752,2,4
1753,3,8599
1754,1,7
1756,1,10
1758,2,7
1759,4,7
1763,4,8
117,4,12
1765,4,4984
1767,1,6
1768,4,17
1772,2,13
1775,2,0
1777,2,6
1780,1,8
1786,4,12179
1793,2,6
1794,2,0
1795,1,2589
1800,3,12
1801,1,7
1808,2,9
1810,4,10
1811,4,13
1814,4,18
1815,4,4737
1816,1,0
1817,4,1
1821,4,7
1822,3,7492
1825,3,11
1826,2,0
1827,2,12
1830,4,10
120,1,7
1832,3,8
1833,3,1
1835,3,0
1836,1,5
1839,3,22
1841,4,14
1842,1,7
1843,3,6
1847,2,9
1854,2,2220
1855,3,27
1856,3,14
1857,2,6
122,2,0
1861,4,1
1864,1,6
1866,4,953
1869,2,5
1870,3,5
1877,1,10
1878,1,3
1879,4,1
1880,4,9
1881,2,1
1886,3,7
1894,4,11
1895,4,11
1899,3,16
1901,2,9
1908,4,2241
1914,2,12
1915,3,4
1916,4,0
1917,2,5
1920,3,1
1923,4,0
1926,4,27
1928,2,27
1929,2,0
1930,2,20454
1932,2,11527
1933,1,8
1938,4,8
1940,4,32797
1946,2,11
1948,3,26795
1950,3,15
1951,3,9
1952,2,9
1956,4,7
1960,4,11
1962,2,6
1964,4,0
1966,1,6
1968,3,3427
1971,1,5
1974,1,10
1976,3,8
1978,3,169
1980,3,6646
1981,4,9
1982,4,11
1983,4,1
1988,2,14
1989,3,25188
1993,2,4
1994,3,7
1998,1,0
2002,3,0
2005,1,13432
2010,4,5
2013,1,15
2014,4,1116
2020,4,8
2024,1,7
2046,4,16967
2047,3,2534
2048,3,1462
2052,2,9
2055,2,6
135,4,16
2061,2,2118
2062,3,6
2067,3,15
2071,1,9026
2073,4,0
136,2,8
2080,2,0
137,2,30
2084,4,26863
2085,4,2586
2086,3,5
2092,4,0
2093,2,11
2095,1,0
2102,2,0
2106,3,14
2107,3,1626
2109,3,13
2112,4,1
2115,2,18
2123,3,968
2125,1,41924
2128,2,15
140,3,4
2131,2,2
2132,2,8
2134,2,7
2136,2,1
2140,3,3697
2142,1,0
2144,3,6
2145,3,5
2148,4,0
141,2,7
2150,4,6
2158,3,0
2163,2,25
2165,2,5
2166,2,13
2167,4,21
2170,3,7
2171,4,16
2172,2,52
2173,1,14
2179,2,7
2180,2,8
2181,3,7
2184,3,0
144,2,2672
2187,4,6634
2191,4,11
2196,3,3
2205,1,5
2206,3,7
2209,3,18
2211,2,3
2215,3,4910
2216,3,10
2221,4,9
2224,1,193
146,1,303
2226,2,9
2227,4,0
2228,4,0
2233,4,4
2235,4,713
2236,4,0
2240,2,11
2241,3,1
148,3,0
2245,2,6
2246,3,5
2249,4,14
2253,3,18
2256,1,0
2259,1,5
2262,4,6
2267,3,8
2269,4,7
150,2,0
2271,2,4
2272,3,4122
2273,4,913
2274,1,5
2279,2,1570
2280,3,11
2284,1,5
2288,4,9
2290,4,12
2292,2,6973
2293,4,12
2297,4,1
2298,4,7
2300,2,0
2304,3,14
2307,4,14
2310,2,7
2313,3,9
2314,2,6
2320,4,5074
2323,3,14
2329,3,1
2333,1,6
2334,2,0
2336,3,7
2338,4,14
2342,2,10
2344,2,0
2346,3,1
2347,4,10
2350,4,13
2351,4,0
2355,4,11
2356,1,0
2357,4,1
2359,4,11
2362,4,12
158,3,5
2366,3,5555
2370,3,4
2371,2,10
2376,1,0
2379,3,11
2385,3,293
2387,4,8
161,3,15
2390,3,5
2391,1,7
2393,2,3
2395,2,3740
2397,1,2
2399,2,9
2400,2,2
2401,1,8
2404,4,0
2405,2,8
2406,2,3
2407,4,2
163,2,0
2408,3,8
2414,1,14
2420,2,12
2421,4,8382
2423,2,0
2431,3,0
2432,3,5
2435,2,7
164,4,1
2438,4,3
2440,2,9
2442,4,15193
2448,3,708
2453,4,1009
2455,1,21154
2457,2,10
2463,1,1197
2465,2,0
2469,1,22
2475,1,7
2476,3,7
2477,3,16
2479,4,17340
2482,2,6
2483,1,3785
2486,2,15
2488,2,2
2492,3,2494
2494,3,15
2495,2,5
2496,1,2034
2497,3,4
2506,2,5
170,4,2
2519,1,0
2521,2,8598
2523,4,6
2526,2,571
2527,3,12
2528,4,0
2531,4,1
2537,4,13
2544,3,1
2547,3,126
2548,4,11
2549,2,11
2552,2,10
2554,2,5
2556,4,0
2563,4,11
2565,1,6
173,2,11
2580,2,201
2581,3,10
2584,3,3846
2585,3,8
2586,2,0
174,2,0
2589,4,31420
2590,4,11825
2591,3,21232
2592,2,6
2595,1,5
2596,4,9
2603,3,9
176,4,3
2606,2,0
2609,3,1
2611,3,14
2612,4,2468
177,4,0
2614,3,12
2615,1,0
2621,2,8
2623,4,1
2628,2,21
2629,3,7
2630,3,10
2632,4,15435
2633,4,16
2634,4,0
2635,3,19
2636,1,6
2641,2,6
2646,4,6725
2652,4,6
178,2,14
2656,2,1406
2659,4,5
2660,2,4
2662,3,3
2663,2,285
2664,2,35098
2665,4,2611
2674,2,16
2675,2,10
2676,1,4
2678,2,2
2679,3,9
179,2,8
2683,3,18
2684,4,0
2687,2,17
2694,2,3
2696,2,3
2703,3,11
2710,3,3827
2712,4,2
2715,4,9
2719,4,12
181,4,14
2721,1,6
2725,4,3583
182,2,0
2729,2,13
2731,4,8
2737,4,11
2740,2,6
2742,3,5
184,2,4
2747,2,988
2751,3,5
2753,2,8
2755,3,11
2756,3,2527
2759,2,7
2761,4,1
2771,4,14
2772,2,1
186,2,0
2780,4,6
2786,4,8
2787,2,1
2788,2,7
2792,4,16
2793,4,2076
2794,1,8
2795,3,5
2798,2,10066
2800,2,4
2804,2,4
2809,3,20
2810,4,15
188,2,10
2813,3,10
2814,4,1
2815,3,8
2816,4,0
2819,2,32
2820,4,8
2823,2,0
2831,1,7
2835,2,0
2841,3,12
2846,2,2
2848,3,0
2850,3,9
2854,4,69
2858,4,6
2861,4,0
192,3,41361
2870,2,6199
2873,2,1
2874,1,6
2875,3,12
2877,2,4
193,2,5
2878,2,29
2879,4,17
2881,4,6
2882,4,0
2883,2,2
2885,2,5
2887,3,5043
2890,2,0
2892,4,8
2893,1,7
2898,1,0
2902,3,35
2904,2,10
2907,1,14
2908,2,1361
2912,2,31018
2914,2,1
196,2,10
2919,4,10
2921,4,56
2924,1,13
2925,4,0
2927,4,0
2931,4,14
2932,4,9
2935,3,2015
2937,4,2
2939,2,7
2941,3,0
2942,2,6
2943,2,3543
2944,4,1850
2945,2,0
2947,4,6
2949,4,23
2950,4,7
2960,4,18
2961,1,650
2969,2,0
2971,2,10
2972,3,88
2973,4,4
2977,1,2
2978,1,4
2984,2,4
2985,2,195
2987,2,842
2989,4,6
2991,1,2
2993,3,7
2994,2,1
2997,2,6
3001,3,6
3003,2,0
3012,4,5538
3016,3,8
3019,2,14
3020,1,6
3022,4,28564
3024,2,44
3028,3,37044
3030,3,7
3031,3,16
3032,4,13
3035,4,16
3038,2,8
3054,4,9
205,3,0
3057,3,0
3059,3,140
3060,4,16
3064,2,6
3069,1,0
3070,1,1526
3071,2,22591
207,3,8
3084,2,5060
3085,1,267
3089,4,0
3093,4,18
3094,1,13725
3097,3,3
3099,2,7
3106,2,0
3107,2,7
210,2,0
3117,4,12
211,2,10
3121,3,9
3126,2,14
3128,2,2814
3130,4,2601
3132,3,21
213,4,1
3142,4,6
214,3,71
3150,3,12
3152,4,7
3154,4,8
3158,1,7
3159,2,2153
3160,4,3702
3161,2,11
215,2,9
3166,4,1
3167,2,0
3170,4,11
3171,3,6935
216,2,0
3181,4,0
3183,3,10
217,1,10
3185,4,6668
3189,4,14
3190,3,7
3191,3,0
3194,4,0
3195,1,1
3197,1,4
3200,1,0
3203,3,1905
3205,2,0
3210,2,5
3211,1,1
3212,2,3
3213,2,1280
3214,2,13
3217,2,6
220,1,0
3225,1,25191
3229,2,7
3236,2,988
3237,3,0
3238,3,11
3239,3,14611
221,1,3
3241,2,9
3242,4,12
3244,1,6
3250,3,22736
3252,4,8
3253,4,1
3255,3,12
3257,1,1
3260,2,6
3263,4,0
3264,3,22
224,1,0
3276,2,4
3277,1,0
3286,2,8
3290,3,764
3296,4,7
3298,4,15
3301,2,17
3302,2,0
228,4,11
3304,2,10
3306,2,0
3307,2,5
3308,2,16
3312,2,24
3319,4,3517
3327,2,10
231,2,11
3335,4,10
3337,2,9
3347,2,27267
3348,3,176
232,2,8
3350,2,2
3353,2,9
3354,2,4064
3357,1,6
233,1,27
3361,1,0
3364,1,4
3367,3,40
3369,4,0
3371,3,0
3375,2,8
235,2,10
3376,2,1292
3377,3,1
3378,4,15
3381,4,19
3384,1,832
236,2,5
3386,2,33
3388,3,9
3390,2,8
3392,2,11
3395,2,20
3396,1,47
3397,1,0
3401,3,21
3402,1,9
3404,2,57
3405,4,14
3407,1,1
3410,4,8
239,4,7
3418,2,3664
3420,2,0
3424,1,6
3426,3,6585
3429,3,56
3431,4,9
3432,2,1
3433,4,1
3436,1,13
3437,1,1
3438,2,1
241,3,4
3446,3,393
3449,1,0
3450,4,3409
3454,2,4
3457,3,9
243,3,0
3462,1,0
3466,4,22
3470,3,15
3474,4,8
3476,4,29892
3485,1,8
3492,3,0
3493,4,16
3495,4,12
244,4,5
3497,4,14
3502,3,11
3507,2,8
3508,3,0
3509,2,0
3510,3,0
3511,1,2
3512,1,13
3513,3,6534
3516,3,11
3520,4,22570
3522,2,0
3524,3,2
3525,2,5
3528,2,18
3530,2,1
3532,4,11
3537,3,5024
3538,4,6454
3540,3,9
3544,4,0
250,4,56
3552,1,9
3553,4,7
3555,3,11
3558,4,7
3560,1,4249
3561,4,26
3562,2,8
3564,2,3
3565,2,7
252,2,11
3571,1,7
3575,3,11
3576,4,8
3578,1,0
3580,2,0
3586,3,12405
3587,2,15364
3588,3,5
3591,2,2
3595,3,0
3599,1,5
3600,4,15244
3601,4,5266
3602,2,9
3603,2,40493
3606,4,18
3609,3,5
3610,3,28800
3613,3,8490
3618,3,6
3619,4,6956
3620,2,1
3623,2,0
3624,3,5
3625,2,7
3626,2,5
3629,2,10
3633,1,15345
3635,1,9
3636,2,8
3638,2,4
3640,2,0
3643,2,11
257,4,13
3651,3,6
3659,4,1
3661,1,6
258,2,1247
3663,2,3
3666,2,4
3667,4,12
3673,1,3
3674,2,8
3677,1,5525
3678,4,0
3680,2,2965
3691,4,9
3693,3,1377
3694,3,4
3697,3,9
3699,3,7
260,3,297
3701,1,2
3705,1,2
3707,2,3035
3708,4,7
3711,1,10
3712,3,0
3715,2,1
3718,4,1
3721,4,0
3722,4,19818
3723,3,1252
3724,4,20
3729,3,10
3730,3,6
3732,3,1
3734,4,2
3736,4,1005
3738,3,5
3744,3,1936
3745,4,0
3746,2,286
3751,2,8
3756,2,0
3757,4,2058
263,4,9
3758,3,6
3761,4,1052
3766,2,0
264,2,0
3769,2,2534
3770,4,0
3775,4,6
265,2,3
3777,2,7
3781,4,5
266,1,6
3786,4,13
3787,1,10
3792,4,12
3793,3,5
3801,1,4
3803,3,10
3806,3,1063
3811,2,5087
3812,3,16
3814,2,1
3819,4,11
3821,2,4
3828,3,9
3829,4,9
3837,2,7
3840,4,921
3841,3,5236
3844,3,9
3850,2,1427
3851,2,9
3860,4,4
3862,4,736
3863,3,0
3866,2,2725
3867,3,7
3869,2,18526
3870,4,8
270,3,5
3871,4,11472
3875,4,2493
3879,1,5548
271,1,0
3880,3,3
3881,2,8
3884,1,8
3885,3,8
3888,4,25506
3893,3,2167
3895,4,7
3896,2,444
3897,4,15
273,2,40
3906,2,4
274,3,10
3908,1,6
3909,3,9
3910,2,14
3911,3,0
3912,1,6
3914,4,16
3915,3,13
3918,1,6
3921,2,8
3923,2,12
3925,2,1
3929,4,11
3935,3,0
3937,3,2
3939,1,6250
3940,3,261
3944,1,0
3946,4,811
3951,3,7
3956,1,4562
3958,1,1499
3959,3,9
3960,3,12
3963,2,4
3964,4,15
3967,3,0
3971,4,3493
3972,1,0
3973,4,16
3976,4,3
3978,4,12
3987,2,10
3989,2,21507
3993,1,11
3996,2,0
4001,2,14
4002,4,7
4007,4,8
4009,1,1
4010,2,0
4011,2,53
4012,3,7
4013,2,3
4015,4,12
4018,1,3555
4021,3,31
4022,3,0
282,4,0
4029,4,0
4030,4,10
4037,2,6
4040,2,5290
4041,3,1
4049,4,8
4052,4,9
285,3,9
4057,2,8
4059,4,38
4065,4,7763
4067,3,0
4069,1,11
4071,4,0
4072,2,3
4073,2,18
4080,2,13
4081,2,8
287,3,7
4084,2,6
4088,1,5
4092,3,9
4094,1,12985
4095,3,2337
4100,3,787
4105,4,0
4109,2,2205
4110,4,1175
4113,3,79
289,3,5
4123,4,12
4131,2,9
4132,3,4
4135,1,7
4136,2,13
4143,2,7
4144,2,0
4147,3,5366
4149,4,10
4154,2,1
4155,3,9
292,3,5
4167,4,1146
4169,3,138
4171,3,0
4172,1,23
4174,4,0
4177,3,8
4179,3,8
4181,4,684
4185,3,57
4186,2,3729
4187,3,22
4188,3,0
4191,2,1
4192,1,8
4196,4,3577
4197,3,0
4198,2,3
4200,3,6
4203,2,33
4207,2,0
4217,3,1
4219,1,0
4221,2,7
4224,2,5
4225,4,6
4226,3,8
4230,3,27
4232,4,17
4234,2,5
4238,4,18
4239,1,5
4241,4,888
4246,1,33
4249,3,9
4250,1,5
4251,4,16
4252,3,6
4257,3,8
4258,1,5
4260,2,24
4261,4,0
4262,1,2
4264,1,7
4267,3,8
4268,2,1
4269,4,2397
4270,4,6
4272,4,6
4276,2,1
4281,2,8351
4282,3,0
4283,3,863
4284,3,1
295,4,1
4287,4,2583
4289,1,8672
4290,4,520
4292,3,11
4298,3,8075
4300,3,12
4304,3,2
4307,3,1
4311,4,10
4312,1,8
4313,4,6912
297,3,0
4319,1,22
4324,3,13
4326,4,1
4330,3,22
4331,3,7
4335,2,18357
4336,4,1
4339,3,16
4341,4,16
4349,2,3
301,3,6
4352,4,16
4353,1,0
4355,3,6
4358,4,5
4359,4,911
4360,2,9
4364,2,10
4365,2,6
4367,3,1
4368,4,23038
4369,3,0
4371,3,6
4372,2,0
4373,4,2472
4381,1,47
4384,2,7
4385,1,0
4386,1,0
4393,4,6
4394,4,28
304,1,12
4397,4,2510
4398,4,0
4402,2,12
4405,3,7
305,3,7
4407,2,0
4412,1,6
307,4,0
4425,4,8341
4427,4,32
4429,4,5230
4430,2,0
4433,4,15
4436,2,10
4437,4,11
4440,3,2
309,2,11
4442,2,5
4445,2,0
4452,4,18
4453,2,37
4458,1,85
4472,2,7
4475,2,27125
4477,2,7312
4478,4,3370
4483,2,1
4484,4,1585
4485,4,1
4487,3,2383
4493,4,0
4494,4,1
4498,3,19308
4500,4,11
4502,2,22
4511,3,0
4512,1,580
4513,4,3777
4514,4,12
4515,4,1
4516,4,10
312,2,12
4524,4,5
4525,3,505
4531,4,1113
4533,2,3
4536,3,6
4537,2,6
4540,1,16
4546,2,3869
4547,4,27088
4551,4,1168
4552,1,12
314,4,7
4558,2,0
4561,1,1
4563,1,26
4564,2,167
4571,1,7
4572,4,0
4573,2,0
4575,4,9
4576,3,1
4577,2,5
4579,4,13
4580,3,13
4585,1,1619
315,3,24
4588,2,0
4591,1,0
4592,3,7
4597,2,7804
4600,2,6
4602,3,9
316,2,0
4605,3,15
4609,4,1
4611,4,13
4613,2,4
317,2,2164
4621,1,20
4622,3,16
4626,3,11
4627,1,214
4628,4,18
4631,4,6345
318,2,10
4636,3,9
4637,3,17
4638,4,1
4640,4,1
4642,3,12353
4643,1,0
4644,4,0
4649,4,4
4654,3,7
4655,3,16502
4659,2,17
4662,4,1
4665,3,8
4666,2,0
4673,2,22
4677,3,13
4684,2,0
4687,4,27243
4692,1,3
4693,2,9
4696,3,10
323,3,1
4703,1,8641
4704,2,30
4705,2,6
4706,2,11
4709,1,7
4710,2,6
4713,4,7
4716,2,1
4717,2,13
4718,3,5
4720,4,1
4721,1,0
4722,2,2
4724,2,5
326,4,12
4725,3,5
4727,2,792
4732,2,6
4733,1,0
4736,4,0
4738,3,7
4740,3,4
4741,2,12
4742,2,11
4745,4,10
4750,3,42
4756,1,6
4767,2,7
4768,3,13
4769,2,2693
4779,4,6953
4784,1,8
4785,3,16459
4787,3,26
4794,2,7
4796,4,0
4798,3,8
4799,2,1195
331,3,18785
4800,2,14297
4802,2,2
4808,4,10
4814,3,19
4816,4,2479
4819,2,0
4821,4,5
4825,2,0
4826,3,0
4827,3,10
4828,2,2
4830,2,0
4840,2,3
4845,2,20
4846,3,7
4847,4,16
4848,1,6
4849,4,13
4852,2,7
4854,2,1
4855,3,7
4859,3,5
4860,3,22
4861,2,9
337,2,7
4864,2,2724
4871,3,3673
4872,4,11
4873,4,8
4874,2,4
4875,1,6
4876,1,3971
4878,2,192
4883,4,14
4887,1,9
4891,3,11
339,2,0
4893,2,1
4894,3,0
4896,3,7
4897,1,2561
4898,2,10
4899,2,2771
4900,1,1190
4902,4,14
4905,1,7
4907,2,0
4908,4,22
4913,2,0
4915,3,1
4916,3,11872
4920,1,6
4924,4,1
4925,2,1
4926,1,7
4927,4,9
4928,3,1196
4930,2,1776
4941,4,23847
4943,1,0
4952,4,10
4956,3,15
4959,1,1
4968,3,2
4969,2,4
340,2,0
4973,4,3136
4975,4,10
4979,1,1
4982,2,11
4984,4,6766
4986,2,3
4987,4,0
4995,3,1
5006,1,4
5007,3,8
5009,3,9
5015,4,11
5019,4,22
5031,2,0
5032,2,8210
5036,4,7
5037,4,2111
5040,4,17
5042,2,0
5043,4,15
5046,4,1
5054,4,10
5055,4,9
5060,2,13
5061,2,7
349,2,6
5063,4,10
5069,4,295
5071,4,15
5074,2,8
5079,4,5
5085,1,14
5090,2,0
5092,3,25579
5093,2,0
5096,4,21224
5098,3,0
5106,2,13
5108,2,6
5114,2,6
5115,4,17
5120,2,0
5123,2,7
5124,2,0
5129,1,14
5130,4,2311
5135,2,2
5138,4,11
5139,2,3507
5141,1,10
5144,2,6
5148,2,9670
5151,1,5
5153,2,6
5158,4,12
5160,3,10
5170,3,10
5171,3,12
5172,4,1067
5174,4,7
5176,4,0
5177,1,106
5179,2,37
5183,3,25
5184,2,16
5185,4,24
354,2,0
5188,3,2
355,2,6
5198,2,3462
5207,1,29
5221,4,2610
5222,1,29
5225,1,0
5238,3,8
5240,3,0
5241,2,4
5242,2,8212
5244,1,16
5249,2,0
360,4,11
5253,4,13
5254,4,6
5256,1,7
5257,2,336
5261,3,4
5262,3,14
5264,3,5
5265,3,1
362,3,0
5271,1,9
5273,3,19
5274,3,10
5277,2,1
5284,1,9
5286,3,2
5292,3,8
5293,4,0
5294,4,10
5299,4,23976
5300,3,8
5301,3,49
5303,2,0
5304,4,12925
5305,2,0
5312,2,1
5315,3,5
5316,4,3518
5317,4,23
5318,2,11
5322,3,0
5323,3,11
5324,1,6
5331,1,6
5332,4,17
5335,4,12
365,3,8
5336,4,1
5338,4,21
5339,1,1
5343,4,0
366,3,4
5348,4,18
5353,3,0
5355,2,8
5356,1,2
5360,2,16
5363,3,11
367,4,10
5367,2,13
5369,4,29740
5376,2,4243
5377,4,13
5384,1,0
5385,2,44
5389,3,0
5392,4,51
5395,4,17
5398,4,1984
5399,4,1
5402,2,6
5405,1,0
371,4,7575
5410,3,4
5411,4,12924
5414,4,2137
5416,4,2502
5418,1,2
5420,4,11
5421,3,1283
5423,4,1247
5425,3,4
5426,1,3
373,2,11
5429,4,11
5430,2,1
5431,1,7
5432,2,6
5438,3,0
5442,3,14
5447,4,14
5451,1,24
5456,4,22
5462,4,10
5463,3,11
5465,1,14
5470,2,7
5473,3,13536
5475,4,2
375,1,5
5476,2,5
5477,3,20
5478,4,17
5482,2,10
376,4,3
5485,1,84
5490,3,2482
5493,2,811
377,3,10
5494,3,5
5496,1,0
5501,3,9
5508,1,6
379,4,0
5514,2,2808
5518,4,2
5519,4,0
5520,1,5
5521,4,6777
5523,1,7
5528,2,8
380,2,4
5532,2,8
5535,4,22166
5536,4,746
5538,4,13
5543,2,7
5547,1,7
5548,4,3795
5549,2,12
5550,2,1
5552,2,9
5554,1,4
5555,1,5934
5556,1,0
5557,3,8
5560,4,22526
5562,1,32
5569,4,14
5570,4,2669
5572,1,10
5579,4,7
5581,3,9
5585,2,0
5588,3,5
5592,1,1
5594,4,22325
5598,4,11032
5604,3,4029
5609,4,15
5611,2,15
5615,4,10
5620,3,9
5624,3,10
5625,4,6
5626,4,11
5630,1,7
5632,1,5
5633,2,3
5641,1,9
5646,3,15
5650,1,0
388,4,18811
5653,2,3
5656,2,3
5658,3,1
5663,2,4
5667,2,5
5671,2,4
5672,1,17
5673,3,17
5677,2,1232
5679,2,11
5682,2,9
5689,4,7
391,4,5
5691,2,0
5693,2,73
5695,4,8
5697,2,14
5699,1,6
5700,2,1269
5703,4,0
5704,2,14
5706,1,0
5710,2,10
5712,3,11
5713,2,2777
393,2,200
5721,3,10
5728,3,10
5732,1,2396
5734,3,13933
5736,1,0
394,3,4
5738,4,1271
5743,2,1517
5744,4,18520
5749,4,0
5750,4,7
5751,2,0
5752,4,9
5754,4,15
5756,2,7
5757,3,9
5758,1,0
5761,3,1
5762,1,26
5763,2,8
5765,2,14
5766,1,40
5769,2,7
5773,3,0
5778,2,5
5780,2,0
5782,3,5
398,2,2
5784,4,0
5785,2,0
5787,2,6553
5788,3,21
5790,1,34617
5791,1,8
5794,1,5
5795,2,1
5802,3,3
5803,2,2
5805,2,4
5806,1,7
5807,3,0
5809,3,5
5812,2,7
5816,1,7
5817,3,0
5819,4,14
5830,4,10
5832,3,0
5837,2,0
5843,1,6
403,2,14
5848,1,9
5850,4,11
5856,3,10
5858,3,0
5863,2,20022
5867,4,17
5872,2,7
404,2,7
5878,4,0
5880,4,1
5882,3,7
5883,3,2558
5885,2,9690
5886,3,8
5888,2,7
5891,2,13
5893,3,0
5895,4,14
5896,2,8
5897,1,7
5898,3,8
5899,3,14
5900,1,5
5912,1,3
5915,2,0
5917,4,18430
5918,2,18
5919,4,29875
5922,3,23710
5923,3,0
5925,2,32
5928,4,2
5929,2,9
5941,1,9
5944,3,5
5948,4,14
5950,4,14
5956,4,0
410,3,1
5963,3,0
5964,2,0
5968,2,47
5969,4,13
5970,2,11
5974,4,19
5975,3,15
5976,1,5
5984,1,9
5993,4,22
411,4,29
6002,1,19
6011,3,0
6012,3,20
6017,3,0
6018,3,6
6021,1,5
6025,4,0
6031,3,16
6033,4,19
414,4,8
6038,3,3
6040,3,6780
6042,2,1
6043,2,13
6044,4,6790
6046,4,6600
6050,4,20
6052,3,2683
6053,1,0
6054,3,6
6057,2,3
6058,2,0
6067,3,12
6072,3,5036
416,2,7
6078,3,1
6080,4,13
417,3,12
6086,4,3786
6090,2,16
418,3,15
6094,4,1
6096,2,6
6097,4,897
6098,4,3
419,3,11
6107,1,5
6108,1,5
6109,2,13
6112,1,5
6115,2,5
6118,2,9
6120,2,1299
6121,1,7
6122,3,10
6126,2,74
6127,3,24
6135,2,12
6138,4,11
6142,2,9
6147,2,5
6151,4,7811
6152,3,10
6154,3,7
421,4,18843
6161,3,6823
6162,1,0
6168,4,2
6170,3,10
6171,3,1
6172,2,16828
6175,1,10
6177,4,6
6181,4,6
6184,4,4
6186,3,11
6195,1,0
6196,3,0
6197,2,6
6201,2,15
6202,3,8
6203,1,3
6204,4,4
6207,2,8
423,4,10
6212,1,9
6219,3,19
6222,4,5
6224,4,0
6226,2,7
6230,1,2
6231,4,2
6238,4,4
6240,2,0
6246,2,0
6247,3,20
6249,3,0
6253,4,12529
6254,3,6
6255,4,4
6258,3,12
6259,4,1
6265,2,4957
6271,3,8
6279,2,21
6282,1,46
6283,3,9
6286,1,5
6290,2,6
6291,4,1
6298,4,1171
6303,4,8
431,1,7
6310,4,1150
6311,3,9
6312,2,614
6318,3,29
432,2,5
6319,2,8
6323,3,10
6325,1,12
6328,2,2
6331,2,3
6332,2,5649
6333,1,11
6334,2,7
6340,2,5
6344,3,16626
6345,2,27
6346,2,0
6348,1,10
6361,1,1
6362,2,5
6369,4,28555
6374,4,14
6375,4,11
6379,2,12
6380,3,5
6385,4,2459
6387,3,7
6388,3,7
438,2,10
6404,3,1
6407,1,17
6414,1,0
6415,3,0
6416,2,6
6419,4,8
6420,4,0
6423,1,0
6428,3,9304
440,1,17
6431,4,5
6434,1,4
6435,4,1
6441,2,15
6443,4,49
6446,4,1
6447,1,9
441,3,2056
6450,4,53
6453,4,28548
6454,3,28145
6457,3,3
6458,4,0
6460,3,20
6461,4,2
6466,2,28616
6469,4,15
6474,2,1197
6475,2,22
6478,3,1263
6480,1,0
6481,4,0
6485,4,11
6487,3,0
6489,3,7
6495,1,11
6503,4,13
6506,2,7
6508,3,28247
6510,4,1237
6513,4,2
6514,3,1
6516,1,11
6517,4,14
6518,4,22702
6520,4,8
6521,1,4405
6524,2,0
6525,3,13
444,2,3
6528,2,1143
6530,4,15
6536,4,15
6537,1,31153
6541,4,3862
6546,4,5
6551,2,2046
6553,2,4
6558,3,50
6562,4,12
447,3,6
6564,4,1
6565,4,28565
6570,3,14
448,2,1
6573,2,3685
6575,3,5
6579,4,8
6580,3,10745
6581,2,0
449,4,26
6582,3,8
6583,2,6
6584,4,7
6591,4,6783
6594,1,18440
6595,2,15
6596,2,5
451,3,7
6600,2,8
6602,4,8
6603,3,5
6605,4,11
6606,1,7
6607,4,13
6608,4,2520
6609,3,8
6612,4,10353
6613,2,5
6615,4,1
6620,4,12
6621,4,15
6626,4,5131
6629,3,3
6631,3,10
6632,1,5
6633,4,8
455,4,11
6637,3,15
6639,3,0
6642,4,0
6647,4,7
6650,3,0
6657,3,7822
6659,4,5033
6671,1,3
6673,2,10
6677,4,7
6682,4,2484
6683,4,2608
457,3,10
6684,1,1465
6690,2,15
6691,4,14
458,2,5
6693,3,5
6706,4,0
6707,3,1
6712,2,166
6722,2,10
6723,1,11
6728,4,7
6729,1,20
6732,4,0
6735,2,0
6737,2,5
6739,3,0
461,1,5
6740,2,6
6743,1,17
6747,3,15
6750,4,9
6758,2,27
6760,4,10
6761,1,13909
6763,4,6
6766,2,7
6770,4,6
6772,2,6
6774,2,21
6775,2,1
6782,3,1
6785,3,9
464,3,0
6788,2,4
6789,4,3796
6790,4,16
6791,4,0
6793,3,0
465,4,11
6796,2,23
6797,2,40
6802,4,24
466,1,15501
6805,2,1
6808,4,2
6809,1,15554
6816,2,584
6817,4,9
6821,4,2225
6829,1,7
469,2,7
6834,4,9
6835,4,0
6840,1,0
6841,4,3
6842,2,5
6845,4,11
6852,3,21
6853,3,17
6855,2,7
6856,3,7
6857,2,2625
6859,2,6
471,3,25
6861,1,4
6862,4,12
6864,2,14
6865,3,11
6866,3,0
6867,4,6
6868,3,0
6879,3,16
6882,4,12
6886,1,0
6887,4,6
6888,4,28399
6900,2,6
6902,1,3
6903,1,0
6905,1,6
6908,3,0
6913,3,0
6914,4,10
6917,1,9521
6919,2,9
6920,2,9
6922,3,1
6926,2,0
6929,3,6
6930,2,8
6938,3,12
6939,4,3
6942,4,18
6944,1,31
6948,4,0
6949,2,610
6950,3,9
6952,2,33
6955,2,1
6956,3,146
6961,1,7
6963,4,2409
6964,1,13
6972,4,1099
6978,2,81
6983,2,6
6985,2,27
6988,2,13
6989,4,25388
6990,1,4
479,3,4
6994,4,8
6998,4,15
7004,3,0
7007,4,7823
7010,1,4
7016,2,0
7018,4,16
482,4,10
7020,3,14
7022,3,17
7024,3,0
483,3,10
7034,4,10
7035,3,4
7036,4,0
484,3,9
7038,2,6
7040,2,0
7044,3,5
7050,2,17
7051,1,8
7052,3,8
7054,3,13
7056,4,6
7057,3,8
7059,1,3891
7060,3,0
7061,1,0
7064,2,20
7071,2,6
7072,2,11
7075,4,1
7077,2,6
7078,2,2006
7082,2,0
7085,1,2
7091,2,13
7095,2,116
7096,3,1152
7100,2,22
7103,2,2693
7107,2,26
7111,4,842
7112,4,1
7116,3,1179
7117,2,7
7120,4,2408
7125,2,11
7128,4,14
7129,1,0
7130,3,9
7133,4,23890
7137,1,8
7140,1,15100
7144,1,7
7148,2,3948
7153,4,0
7154,4,2
7158,1,23
7159,3,7
7166,4,3
7181,4,28567
7182,3,12
7183,4,5
7184,1,0
7187,3,7887
7188,4,2
7194,4,1924
7195,1,0
7198,3,1
7199,1,8
7203,3,18
7205,4,10976
7207,1,7
492,1,10
7211,4,13
7212,4,1
7216,4,11
493,4,585
7218,2,0
7219,4,3784
7226,3,9
7229,3,1
7232,1,0
7233,1,4
7236,1,1958
7241,2,737
7244,3,38
7246,4,2
7248,2,0
7252,4,1
7254,2,238
7256,2,14
7260,1,9
7264,4,2478
7268,4,6852
7272,1,4
7278,2,30416
7288,4,13
500,1,0
7291,3,22765
7292,3,3
7296,4,9
7297,2,9
7298,3,1
7306,2,6
502,4,113
7310,4,11
7311,2,1
7315,4,5
7317,1,0
7321,4,6
7322,3,15
7325,1,5
7327,2,4
503,4,0
7328,4,15
7329,3,10
7330,3,5
7331,1,12
7333,3,40093
7335,1,5
7338,2,17
7340,1,0
7341,3,8
7344,4,16
7349,3,13
7353,3,16
506,2,0
7358,1,15
7359,2,6
7362,4,1
7365,2,5
7366,3,7
7368,4,30880
7371,2,5
7372,1,8
508,3,0
7374,2,7
7375,3,8
7380,4,13856
7385,3,8246
7389,4,4
7391,1,5
7397,4,7
7402,2,5
7404,4,11
7408,2,0
7409,2,8
7410,2,7
7412,1,8
7415,2,5955
7418,4,23805
7419,1,53
7421,4,2467
7422,3,13
7423,4,7
7425,4,2421
7426,3,0
7428,3,7
7430,4,1
7434,3,0
7436,4,12
7440,1,0
7445,4,8
7446,3,5235
7447,2,0
7449,3,9
7455,4,2124
7456,4,2214
7458,4,13
7463,3,770
7469,3,10
7471,4,1
7481,3,3
7482,2,0
7483,4,2402
7494,1,5
7495,2,10
7497,2,84
7502,3,10
7505,4,4908
7507,2,16
7510,4,1
7511,2,10
7516,3,9
7523,3,10
7524,2,1
7526,1,5
7528,1,5
7530,4,15564
7534,2,8
7537,2,7
7541,3,6
7544,2,0
7545,1,5
7546,1,112
7547,3,2
7548,2,7
7550,4,6
7555,1,0
7556,4,845
7558,3,1107
7562,3,17
517,2,8
7577,3,0
7578,3,11
7580,4,11
7581,4,1
7588,2,9
7595,3,11
7602,3,4
7606,3,3
7612,1,22
7613,4,5
7621,2,0
7622,2,78
7624,3,8
7627,4,7
7628,4,8
7629,2,0
521,1,6
7632,3,5
7633,4,12
7635,4,13
7640,3,6
7641,4,22491
7643,4,12
7645,4,2638
7647,1,4
7649,3,19
7658,4,6809
7661,4,6406
7663,2,9
7666,3,7
7667,3,2686
7669,3,4
7670,3,5
7674,1,10
7679,2,18
7682,2,5
7684,1,0
7685,2,3
7689,4,12
7690,4,878
7694,4,8
524,4,4
7702,4,16
7703,4,12
7704,1,0
7707,2,6
7711,3,3504
7712,2,7
7713,4,19
526,3,0
7716,1,963
7718,4,15
7719,3,8
7721,4,10
7722,4,736
7725,2,3
7727,3,1543
7729,2,7
7730,4,11
7731,4,1
7733,3,0
7734,4,20
7736,3,11302
7741,4,7
7742,4,12
7743,2,0
527,1,1952
7744,2,6
7748,2,480
7751,2,1
7753,1,13
7754,3,13
7761,4,21
529,2,6
7763,2,8927
7766,4,835
530,1,9
7776,1,0
7777,4,12
7778,1,30030
7782,4,12
7786,4,15
7788,4,8
7790,4,13
7792,2,9
7794,4,0
7798,2,9
7801,1,9
7808,4,12
7811,2,130
7812,1,46
7815,4,17
7818,3,0
7819,1,5
7820,1,0
7821,4,10
7822,4,2601
7825,3,8
7826,1,4908
7828,2,5
7833,3,0
7837,3,4312
7841,1,16
7852,2,12503
7855,1,9
7859,4,12
7860,3,2
7862,4,12
7863,4,4
7869,4,0
534,4,1
7877,1,0
7879,3,5
7880,2,12
7881,2,0
7885,2,0
7887,1,12
7890,3,13
7892,4,2357
7900,4,16
7901,2,9
7902,3,0
7903,4,594
7905,4,6903
7906,4,16
7907,3,0
7912,1,5
7914,2,10
7917,3,0
7932,2,19
7937,4,2549
7938,4,6771
7943,4,4897
7944,1,5
7945,2,0
7951,2,4
7953,3,2
7961,4,11
7962,2,14
7964,2,6
7965,4,11
7966,4,27
7968,2,6
7970,1,1
7974,1,8
7975,1,5
7978,1,0
7979,4,1
7982,3,8
7985,3,8545
7987,2,27792
7989,2,14
7995,4,2
543,4,15
8001,4,4
8006,3,4
8010,3,4798
8013,2,0
8020,2,5
8021,1,3
8022,3,0
8024,4,7
8026,4,2638
8027,4,25
8030,3,16
8034,2,0
8036,1,19
8037,4,1
8039,4,1
8040,2,20
8041,3,26
8053,4,20
8059,3,1436
548,2,17
8068,2,6
8071,3,1
8072,1,13038
8073,3,14
8074,2,7436
8075,4,6
8076,3,13
8078,2,20
8080,2,1579
8081,2,6
8083,2,3998
8085,4,16
8087,4,11
8093,3,8
8096,4,6
8097,2,6
8098,4,2455
8099,3,7
8102,2,10
8104,4,3592
8105,2,0
8106,2,3420
8107,3,0
8108,4,13
8109,2,3
8112,3,8
8114,2,9
8116,1,20
8119,4,1
8120,1,6
8124,4,8
551,1,2625
8131,3,15150
8132,1,6
8133,4,12475
8135,2,6
8138,3,30001
8143,4,7
8147,3,7
8161,4,1
8162,3,1000
8163,2,5
8164,3,17
8168,2,6
8179,2,26005
8183,2,1006
555,3,22
8186,1,1
8197,4,1
8198,2,8
8208,1,6315
8209,4,7
8211,4,3611
558,3,31
8216,4,9
8221,4,21205
8227,1,4
560,3,12
8231,4,15
8232,3,10
8233,4,21
8236,4,31497
8242,2,12
8243,1,7
8244,2,45
8249,4,879
8252,4,16
8253,4,1
8255,3,7843
8256,2,2772
8260,4,9
8269,3,2352
8270,4,29
8272,1,0
8273,1,0
8275,4,5231
8276,3,1259
8284,2,5
8289,4,5534
8290,1,16
8292,3,1
8300,2,5
8301,4,23
8302,1,4
8304,2,6
565,3,181
8308,3,12
8313,4,10
566,1,6
8315,1,14
8318,4,9
8323,4,7996
8325,4,13
8328,1,8
8331,1,762
568,3,19
8338,1,16368
8339,4,4089
8340,2,509
569,2,0
8342,3,2048
8344,2,1813
8345,4,8
8346,2,15
8347,2,7
8349,3,22695
8352,2,0
8356,3,8
8360,4,9
570,2,2111
8361,3,9
8363,4,3464
8365,3,9
8368,1,0
571,2,4
8371,1,0
8375,4,9
8376,3,0
8379,4,3
8384,2,12921
8388,2,5
8390,3,5503
8391,2,581
8393,3,0
572,4,18
8399,4,2264
8402,3,26992
573,3,8
8409,1,1154
8413,2,9
8415,3,22553
574,2,0
8417,4,37074
8420,2,3
8421,1,3545
8422,3,33
8423,2,24
575,2,10
8430,3,6
8435,1,1
8439,4,13
8443,4,620
8445,2,5
8446,4,919
8447,1,15
8450,4,9
8451,3,25
577,3,6
8454,1,299
8456,2,0
8458,2,0
8473,4,0
8479,2,6
580,3,4
8485,3,23
8487,2,8
8489,4,14
8494,2,4195
8499,2,23
8506,2,14
583,4,13
8509,1,13
8513,4,3
8515,2,0
8516,4,0
8518,2,17
8533,2,7
8536,4,2465
8540,2,0
8546,3,9
8548,2,12234
8549,2,0
8550,4,1211
8554,4,1097
8555,2,18362
585,2,1
8562,4,2354
8583,4,8
587,2,10
8584,2,8
8587,3,10
8592,3,0
8593,2,322
8610,4,9
8612,3,2185
8615,2,10
8618,2,2
589,3,20
8624,2,14504
8625,1,784
8626,2,4
8630,3,0
8631,1,7
8635,4,7
8636,2,0
8642,3,18
8645,2,12
8646,3,5
8648,1,28
8651,1,11512
8656,4,824
8659,4,22
591,2,8
8661,3,3
8662,2,0
8666,1,168
8668,4,22239
8671,3,20
8675,3,3624
8676,1,0
8677,3,3665
8678,1,5834
8679,1,7
8681,2,3396
8682,2,9
8683,4,810
8687,1,0
8694,1,0
8701,4,770
8703,4,1
8704,4,1
595,2,0
8706,2,9
8708,2,0
8710,4,12
8717,4,20
8718,1,5
8723,2,5
8728,3,3793
8731,4,11
8732,2,4
8752,3,16
597,3,7
8754,4,1
8755,3,19
8756,4,166
8758,3,0
8759,2,9
8760,1,6
8763,3,1
8765,4,1
8766,4,9
8769,4,0
8771,4,2456
8776,3,140
8777,4,19
8779,1,0
8780,2,7
8783,4,6
8785,4,14
8786,4,1
8790,4,6
8791,1,9
8792,2,0
8793,1,12
8795,1,1
8798,3,9
8799,1,3
8800,4,1000
8801,2,1
8807,4,18
8813,2,9
8814,2,4686
8818,4,0
8820,3,2
8821,3,16
606,3,7
8837,1,4
8838,3,6
8840,2,13
8842,1,4
8843,4,3798
8844,4,7
8845,2,20
8847,3,14
8848,2,8
8850,2,11
8853,4,8
8856,4,2
8861,1,37
609,1,7
8862,3,1
8863,4,6
8864,2,0
8866,4,13
8871,2,11
8873,3,0
8875,2,7
8877,3,0
8880,2,5
610,2,0
8885,2,3
8886,1,2
8888,1,1
8892,2,0
8893,4,17
8895,1,7
611,3,11
8900,4,8401
8901,1,1
8902,1,0
8905,3,7
8907,4,0
8909,3,13
8924,3,5
8925,4,29999
8926,1,6
8928,4,6639
8929,3,10
8931,2,8
8932,2,6
8934,3,1
8939,2,3
8941,3,11
8942,3,6
8944,3,88
615,3,14
8954,2,1
8957,1,11
8961,2,9
8969,2,2715
8978,2,15
8981,4,9
8991,4,12
8992,3,1
8994,1,482
8999,3,31982
9000,1,0
9001,2,8
9002,2,8
9007,2,22
9009,4,10
9010,4,45
9012,4,1221
9017,3,10
9018,3,8
9019,1,3
9021,1,2
9030,2,23500
9032,1,14
9038,1,5
620,2,0
9041,3,16
9048,1,1
9049,4,1
9051,3,18
9053,1,2593
9057,4,12
9062,4,14
9066,4,0
9071,1,6
9072,2,2918
9076,4,13
624,1,7
9081,4,817
9082,4,0
9083,4,17
9084,4,2519
9086,4,2
9095,1,1
9103,4,0
9105,4,28494
9106,4,11
9107,3,0
9108,3,10
9114,4,0
626,2,6
9121,2,4
627,2,8
9135,4,1
9137,4,0
9139,2,3
9143,3,29627
9146,3,8
9152,2,0
9153,2,40287
9155,3,25413
9157,4,1
9161,4,7
9162,2,7
9169,3,12
9170,2,14
630,1,6
9172,3,5
9174,2,9
9181,4,16
9183,1,0
9195,2,0
9197,4,1
9202,3,0
9204,2,15
9208,2,1
9210,1,0
9214,1,0
9216,3,9504
9218,4,2127
9222,4,5
9224,3,6
9226,2,9
633,1,2
9229,2,12917
9231,4,0
9232,2,10
634,4,9
9237,4,35
9238,1,28
9239,2,7958
9241,2,0
9242,3,8
9244,3,9
9246,3,10
9248,2,2
9250,1,4
9252,4,18254
9256,4,0
9257,1,3259
9260,3,9788
637,1,0
9264,4,2675
9265,1,5169
9266,4,9
9267,2,4
9268,4,18
9269,1,0
9274,2,11
9275,2,795
9278,4,23918
9279,2,9
9281,2,4
9282,4,9
9290,4,0
9291,1,7
9294,3,12
9295,4,978
9300,3,0
9302,2,4
9304,3,10
9306,2,4
9307,2,0
9308,4,0
9310,2,13
9311,1,3817
639,4,2953
9312,4,28562
9314,4,16
9316,4,687
9317,4,2457
9320,1,3
9322,1,9
9323,1,13
9325,2,12
9328,4,5
9331,4,1
9336,3,0
9337,2,1
642,3,0
9339,2,135
9346,4,0
9349,3,3670
9351,1,0
9353,4,12
9357,3,17
9358,4,1
9362,4,18
9366,1,4
9367,4,2202
9369,3,9
9374,1,6
9377,3,2516
9380,1,9282
9381,4,15
9382,2,9
9383,3,8004
9386,2,11
9388,4,0
9393,1,8791
9395,3,1
9399,4,1854
9402,3,0
9407,2,8
9416,1,26731
9421,2,9
9422,1,7
9423,2,1771
9425,4,1
9434,4,14
9436,1,145
9437,3,9
9446,3,5334
9449,4,12
9454,3,11
9455,2,40218
9456,3,15
9457,3,8
9462,1,8
9465,2,0
9466,1,0
9467,2,28
9468,2,3
9470,3,10
9471,3,956
9472,1,13
9480,4,14
651,3,0
9494,3,5
9503,4,9469
9510,1,10
9514,3,14249
653,1,1
9523,2,1923
9524,3,12
654,3,3
9529,3,0
9532,3,3
9533,4,0
9534,1,2466
9535,2,5
655,3,16
9540,2,3804
9543,1,0
9552,1,9
9554,2,11
9561,3,6
9562,2,12
9564,4,2504
9565,4,1
9566,3,3
9568,2,0
9569,4,14
9573,1,0
9578,2,6
9582,1,0
9584,3,17
9586,4,22431
9587,2,19
9588,4,8
9591,2,6
9592,2,6
9593,3,2602
9594,4,0
9597,2,14
9599,1,27
9602,4,6
9603,4,14
9605,4,94
9609,4,3502
9610,1,2228
9611,2,25
9614,2,8
9621,2,5
9622,4,855
9624,3,10
9625,3,10
9628,1,1
9630,3,15
9633,3,11
9634,4,9
9636,3,10
9638,1,0
9645,1,4
9647,2,14
9650,2,13
9652,2,8
9653,4,3549
9654,2,5
9657,3,7
9658,2,9949
9659,1,5
9665,3,0
9666,3,7
9668,4,22
9670,2,11
660,3,7
9672,1,4
9675,3,9
9689,4,7
9691,3,6
9693,1,15786
9696,3,22
9698,2,1
9699,4,13
9704,3,12
9705,2,5
9706,4,2
9708,3,7
9721,4,2491
9724,1,11
9733,3,6
9737,2,0
9738,1,0
9741,3,9
9742,3,9
9743,3,2
9745,3,9
9752,3,11
9754,3,0
9755,3,15
9759,2,6
9760,2,3
9762,4,0
9765,3,2748
9766,4,897
9767,4,22737
9782,1,4
9783,3,8
9784,4,22479
9790,2,14
9792,1,2
9795,3,7
9798,2,4
9799,3,1
9800,2,11
9801,4,6
9804,1,17
9806,1,4
9808,2,7
9814,3,1
666,3,0
9816,3,36
9821,2,22
9822,3,1
9823,3,5136
9832,4,1
9834,2,0
9837,4,15
9840,2,1
9841,4,14110
9844,3,0
9849,2,12
9850,2,5
9851,4,1
9852,4,12
9853,4,14
9854,4,29
9856,3,8
9860,1,7
9862,2,7
9864,4,13
9868,3,8
671,1,7
672,1,10
9879,3,21
9883,4,1
9887,4,1
9890,2,1
9891,3,1
9892,4,9
9894,4,1
9895,4,12
9896,1,4
9897,4,8
9899,2,0
9901,4,6
9903,4,6
9906,3,1
9908,4,22417
9910,4,19
9911,3,9
9912,4,6559
9915,2,3
9916,3,1
9920,2,12
9924,2,8
675,4,10
9931,1,12
9933,3,10
9939,4,14
9942,1,20
9943,4,11
9946,4,2352
9952,1,1575
9953,3,17
9955,2,19
9960,3,10
9962,2,14
9965,2,2381
9966,3,3826
680,2,0
9976,3,16
9977,4,9
9983,2,0
9984,2,11
9986,3,8
9989,3,1
9991,2,6
9992,3,8
9995,3,0
9999,2,16
10002,4,1
10003,3,0
10005,1,10
10006,2,3
10007,4,0
10012,4,12342
10015,3,7
10025,4,5
10026,1,26786
10027,4,15395
10030,3,4
10033,4,5
10034,4,4
10035,3,7
10040,2,7
10042,2,9832
10044,2,10
10045,3,7
10046,4,6
10061,4,9
10068,3,19
10072,2,0
10078,2,1
10089,4,39953
10094,3,6
10096,3,1286
10100,1,6
10102,2,6
688,2,118
10107,4,18
10108,4,5
10113,4,9
10118,3,0
10122,4,14
10126,3,0
10128,4,25438
10135,3,6
10138,1,0
10140,2,2
10141,4,11
10142,3,45
10143,4,3
10145,3,17
10146,3,9
10149,4,2495
10150,2,6
10151,1,7
10153,4,19
693,3,14
10162,2,0
10167,3,15
10172,4,5
10174,2,0
10175,2,16
694,4,0
10177,3,4126
10178,4,2472
695,4,30
10188,2,1747
10190,4,3661
10193,3,57
696,4,1
10196,2,0
10200,4,3458
10203,3,2
10204,2,10
10207,4,13
10211,4,11312
10213,1,8
10217,4,0
10220,1,0
699,1,7
10226,4,17
10232,1,0
10233,4,15
10236,4,6
10239,4,2502
10241,2,13
10243,3,8
10244,1,33
10245,3,13
10249,3,9
10250,3,6
700,2,6
10251,2,9
10257,4,9
701,1,6
10260,4,53
10261,4,1
10265,4,1
10267,3,9
10268,1,17
10272,3,63
10273,4,1289
10274,4,0
10276,4,13
10277,2,17
10279,4,29953
10282,4,23884
10288,2,0
10289,4,3594
10295,3,7
10296,2,5905
10298,4,17
10300,3,11
10302,4,5322
10303,3,13
10307,4,0
10311,4,18281
10314,2,0
10316,2,11
10323,1,0
10324,3,0
10328,2,2
10329,2,28
10330,3,9535
10332,2,3
10336,2,4
10337,2,7
703,2,45
10341,3,6
10342,4,8054
10344,4,11
10347,3,1
10348,4,2527
10356,4,10
10363,3,11
10364,4,8
10368,2,9
705,4,6
10383,1,91
706,4,1
10385,4,3816
10387,2,12
10388,4,11
707,3,0
10399,1,0
10401,1,0
10402,3,5
708,1,0
10404,3,2882
10408,1,0
10409,4,17
10411,2,35
10412,2,5
10425,2,13089
10426,3,7
10427,2,5
10433,4,4
10436,2,7
711,2,0
10440,2,6
10441,2,10
10445,4,23864
10447,2,1969
10450,2,4
10453,2,6
10454,4,13
10455,1,9
10458,3,0
10459,4,15
10461,4,7
10467,2,7
10468,3,7
10469,3,29778
10473,3,6
10475,3,8
10480,3,7
10482,4,4815
10483,3,3667
10485,3,9
10487,4,2
10489,4,2753
10495,2,6
10498,2,13
10501,1,17
10502,4,0
10508,3,11
10510,1,20
10511,3,7
10513,2,5
10515,4,5
10516,3,17
10518,4,10
10520,4,4
10522,1,0
716,4,11
10531,2,8
10532,2,0
717,4,6
10536,1,73
10537,4,8
10539,4,1
10547,2,4
10549,2,26
10551,4,8
10554,4,7
10557,4,15
10558,4,1
10566,2,0
10567,2,0
10569,3,2510
10570,4,3
10574,4,8
10578,4,1
10579,3,8194
10580,4,7
10584,2,7
10588,4,12
10591,4,4921
10593,3,1140
10602,1,2
10604,3,1099
10605,3,5
724,1,4501
10607,4,6608
10614,1,0
10616,3,0
10618,3,7
10629,3,6
727,2,7
10635,3,17
10636,4,18
10637,4,1
10638,3,12
10640,1,0
10649,4,1
10653,2,1
10654,4,3
10655,4,0
10656,3,0
10662,3,14
728,2,11
10664,2,3822
10666,3,8
10667,2,12
10668,4,1
10672,2,23
10673,2,6
10674,3,8332
10684,2,13
10686,1,13813
10687,3,7
10688,2,2668
10691,4,3576
10699,1,4
730,3,13
10703,4,17
10705,4,16
10707,3,13
10709,2,1
10711,4,6431
10713,3,10
10714,2,0
10715,2,5
10717,3,2367
10718,4,18
731,3,8
10723,2,1299
732,2,10
10729,2,11
10733,2,6
10735,4,10
10737,4,1
10745,4,4
734,1,0
10748,1,36
10754,2,233
10758,4,18
10760,3,0
736,2,32487
10768,2,5
10771,2,81
10774,4,0
10782,4,10
10783,2,7
10790,4,0
10792,1,7
10797,3,10
10798,4,26670
10799,4,3570
10803,4,24
10805,4,0
10807,4,21
10811,1,3
739,4,832
10819,3,2103
10821,4,8
10823,2,10
10824,2,16
10825,4,7
10829,2,1543
10833,2,5
10838,3,0
10840,4,23
10841,2,5
10846,3,1095
742,1,7
10850,2,0
10852,4,17
10854,2,23603
10855,4,1134
10859,3,5
10863,2,7
10864,1,1010
10866,3,9
10868,2,5
10869,1,12
10870,3,22
10871,4,9
10872,2,12
10874,2,9
10878,2,0
10880,4,13
10883,1,9
10885,2,35
744,2,10
10893,1,0
10896,2,0
10899,3,22049
10901,1,2446
10904,3,11
10912,3,3
10914,4,13
10917,4,15
10920,1,2
746,3,6
10927,2,42
10929,3,912
747,2,16
10940,4,10
10942,4,0
10958,4,0
10962,4,0
10963,4,143
10965,4,16
10966,3,1
10970,4,13
750,4,0
10971,3,22
10974,1,4
10979,2,18333
10982,1,25
10985,3,1186
10990,1,25455
10992,4,25364
10993,1,2
10996,3,10
11004,4,16
11006,1,0
11008,4,6905
11009,2,1
11012,2,0
755,4,6
11017,3,10
11023,4,9
11030,4,199
11031,4,0
11032,1,6
11034,2,1084
11038,2,9
11045,3,21
11052,3,7
11053,3,0
11055,4,0
11056,2,0
11061,4,15765
759,2,4
11065,3,2130
11068,4,20
11069,2,12296
11072,3,0
11075,1,0
11076,2,6
11078,1,1
760,4,1
11081,2,6
11082,3,8
11086,2,3062
11090,2,9
11095,3,21
11098,3,18
11101,2,12
11107,2,0
11109,2,9
11114,4,11
11115,2,5
11116,4,0
11119,1,0
11126,3,8
11128,4,0
11135,2,726
11140,2,9520
11141,2,7
11144,3,0
11147,4,23964
766,2,14
11155,3,9
11157,3,9
11161,3,2
11163,3,2062
11165,2,0
11168,3,1
11170,4,11
11172,4,20
11180,2,2607
11186,4,5
11188,1,4780
11189,2,0
11192,4,27098
11195,1,1035
11197,2,26330
11208,2,5
11209,3,5
768,2,2657
11216,1,5
11218,1,10
11226,2,10
770,4,9
11235,2,4
11236,1,0
11237,2,7
771,2,2
11241,4,30052
11246,3,15
11248,1,15
11254,4,16
11257,1,2
11258,4,6
772,1,3
11259,2,6
11260,3,7
11267,3,6
11270,4,6
11271,2,8
11272,1,9
11273,4,0
11274,3,18505
11275,4,9
774,3,6
11290,4,13
11292,3,8
11294,2,7
11297,1,4
11299,1,5
775,3,11
11306,3,0
11308,3,7
11311,4,7
11312,2,7
11318,3,0
11322,2,8788
11327,2,3420
11328,3,6573
11330,4,6605
11331,3,18
777,3,9
11335,4,1
11336,1,0
11338,1,2
11339,4,6
11340,2,0
11341,4,22
11343,3,19802
11344,4,5
11347,2,5
11350,3,17
11358,1,4706
11359,3,9
11360,2,8
780,3,1251
11365,2,7
781,4,14783
11373,4,0
11381,2,7
11383,3,11
11388,1,12
11389,1,5
11395,3,2
784,3,8
11398,4,1
11399,1,3754
11401,2,9
11403,1,0
11410,2,5
11411,2,0
11412,2,11
11413,4,5
11414,4,7
11418,3,7
11420,1,2
11423,3,10
11427,1,1015
11428,4,12
11433,3,2541
11437,4,9
11441,3,4
11443,4,1132
11447,2,0
11450,3,15
786,1,3
11460,4,2
11462,4,7
11465,3,23690
11471,4,12
11472,4,9
11477,1,3
11480,4,17
11490,2,15509
11492,3,4
11496,2,17
11501,3,0
11505,2,0
11506,4,21204
11507,4,7
11508,3,14
789,3,0
11513,1,6
11516,1,14289
11517,3,26
11520,2,7
11531,3,19
11542,3,3470
11552,2,1
11553,3,21
11555,1,34
11556,1,2
11557,3,11
11562,3,0
11563,1,4
11565,4,14
11567,3,0
11568,2,5
11572,1,5
11574,3,0
11575,3,1056
11576,2,9
11577,3,7
11581,2,5
11582,3,0
11586,2,12503
11587,4,23968
11588,3,1
11593,4,1
11594,2,13
11599,1,7
11600,4,7
11603,2,10715
11605,1,9
11608,4,4
11611,1,14338
11614,2,5
11618,4,4063
11620,2,11
11624,4,2490
11629,3,12
11630,4,10
11634,1,8414
11639,2,7
798,4,0
11645,1,10
11648,3,1
11650,1,0
11656,2,7
11659,2,1
800,2,12
11662,1,4
11664,1,5
11666,3,11257
11671,4,809
11679,4,22498
801,1,8
11680,3,4
11685,4,9
11686,4,6
11689,4,3
11691,3,6
11695,4,15
803,4,10
11699,3,2203
11700,4,9
11701,2,10
11702,3,42
11710,1,0
11717,2,1
11721,4,9
11724,3,6
11727,1,0
11730,3,2392
11731,4,2501
11733,3,7
11735,2,893
11737,1,1
11738,3,7
11741,2,10
11746,3,593
11749,1,1
11750,4,22448
11754,4,0
806,1,0
11758,2,17
807,4,2
11767,2,8427
11768,3,0
11786,2,6
11788,3,16
808,2,9
11793,2,9
11795,3,11
11796,4,1
11801,2,9
11802,4,37
810,1,5
11812,3,10
11817,4,2599
11819,2,7
11824,2,7
11825,4,12
11826,4,6
11828,2,0
11832,3,13915
11833,1,0
11834,3,12
11841,2,10
11842,1,1167
11843,2,5
11846,2,8
11848,2,8
11849,4,12
11851,3,0
11852,1,90
11857,1,4285
11860,4,1
11862,3,1
11864,2,0
11866,4,21
11870,1,5
11871,4,15
11872,2,6
11875,2,8
11878,1,9
11879,2,2811
11880,4,12
11881,3,8
11884,3,10
11888,4,7
11906,3,20
11918,3,6
11919,2,30
11921,4,2
11928,2,0
819,1,4
11932,2,3
11935,1,2
11936,3,1
11937,4,8
11940,2,6
11941,2,2
11942,4,20
11944,2,6
11945,2,1
11946,4,40454
11947,4,1
821,3,28560
11961,4,4
11963,3,10
823,3,7
11972,4,18
11973,2,9
11975,1,11
11976,4,1
824,4,15
11979,1,11
11987,4,551
11991,2,0
11994,4,1
11998,2,4
12000,4,3974
12001,1,32040
12002,3,1
12004,4,67
12005,4,0
12008,2,13
12009,4,9
12012,2,8
12013,4,8
12015,3,10
828,2,0
12025,4,0
12029,3,0
12033,2,2991
12034,2,6
12037,3,8
12038,4,14
12040,1,8
